Email change,Update Email,
Email update,Update Email,
I need help updating email,Update Email,
I need help changing email,Update Email,
Help change email,Update Email,
Help update email,Update Email,
Need to update email,Update Email,
I need to update email,Update Email,
I need to change email,Update Email,
I want to change emailEdit cell,Update Email,
I want to update email,Update Email,
How to update email,Update Email,
How to change email address,Update Email,
How to change email,Update Email,
update email,Update Email,
change email,Update Email,
change email address,Update Email,
How do I change my email address,Update Email,
How do I update my email address,Update Email,
change email address,Update Email,
Update email address,Update Email,
How to update email address,Update Email,
